fid;class;Landsat8_2024-07-23_1;Landsat8_2024-07-23_2;Landsat8_2024-07-23_3;Landsat8_2024-07-23_4;Landsat8_2024-07-23_5;Landsat8_2024-07-23_6;Landsat8_2024-07-23_7;NDVI;NDMI;NBR
1;1;8082;8224;9095;9072;17926;15454;11338;0.3279502185347063;0.07405632115038946;0.22512301804264626
2;1;8360;8591;9471;9673;18528;17096;12397;0.31399595759015636;0.04019761958230406;0.19825383993532741
3;1;7925;8006;8645;8392;16859;13548;10124;0.3353134529325571;0.10888940046699773;0.2496016010080421
4;1;8383;8644;9609;9934;18424;17611;12812;0.29938641653149023;0.022561398640210905;0.17966448969138174
5;1;8236;8439;9250;9363;17837;15724;11649;0.3115441176470588;0.06295998331396561;0.2098623075357797
6;1;8150;8317;9219;9283;18993;15860;11583;0.3434007638987127;0.08989183140619172;0.2423469387755102
7;1;8406;8624;9493;9667;18153;17228;12503;0.30503235082674335;0.02614397558011362;0.18430323590814196
8;1;8105;8357;9175;9238;17896;15545;11507;0.31908306921205865;0.07030292156335038;0.217290752644288
9;1;8332;8497;9204;9312;17549;15856;11720;0.3066527679535386;0.050681035773087864;0.19915268714339404
10;1;8390;8599;9558;9770;18930;16989;12358;0.3191637630662021;0.05403825273532114;0.21004858092559447
11;1;8222;8404;9192;9358;16999;15540;11670;0.28990401031983914;0.04483850149051907;0.18588021905193763
12;1;8214;8428;9273;9391;18121;16522;12022;0.31731608025588837;0.046156510694801256;0.20233553395481538
13;1;8127;8284;9168;9189;18577;15894;11680;0.3381113592163077;0.077833541237562;0.22794725187559903
14;1;7990;8135;8809;8692;17203;14056;10632;0.32867348909055805;0.10067500559838767;0.23606969642536374
15;1;8137;8288;9164;9136;18431;15473;11301;0.33717851053796205;0.08724634261444078;0.23980896004305124
16;1;7968;8095;8809;8645;17554;13995;10453;0.34005114699034317;0.11280864686677866;0.25354375691791337
17;1;8356;8632;9379;9789;17486;16156;12071;0.28219981668194316;0.03953391593841032;0.18320533207023718
18;1;8099;8234;8977;8963;17411;15364;11208;0.32031546219761886;0.062456140350877196;0.21674412103847093
19;1;8320;8628;9564;9911;18582;16663;12245;0.30432035938651597;0.05444743935309973;0.20556654880461933
20;1;8362;8590;9532;9744;18368;17242;12524;0.30677290836653387;0.031620331367593374;0.18917519098795804
21;1;8180;8409;9176;9323;17385;15878;11723;0.3018571214617343;0.04530559480503863;0.19451697127937337
22;1;8347;8578;9449;9623;18793;17454;12503;0.322705518018018;0.036940988219714734;0.20098415132924335
23;1;8084;8216;8842;8767;16819;14560;10881;0.31470335339638866;0.07199082188724944;0.2143682310469314
24;1;7835;7937;8442;8176;16105;12319;9590;0.32655162472715293;0.13319729805797917;0.2535512745670364
25;1;8672;8951;9990;10577;18508;18372;13406;0.2726835138387485;0.00368763557483731;0.15986714294666918
26;1;7865;7952;8684;8372;17136;13929;10270;0.34357848518111966;0.10323515210043457;0.2505290812230898
27;1;8411;8596;9470;9688;18329;16726;12266;0.30841988792518826;0.04572814149194124;0.19816963556136624
28;1;8191;8336;9046;9000;17270;15032;11255;0.31480776551199086;0.06928363568819268;0.21086765994741455
29;1;8158;8277;9140;9000;18535;15408;11246;0.34628654439803885;0.0921250331437999;0.2447533662402203
30;1;7992;8229;9044;9124;17972;15812;11536;0.3265426631237083;0.0639355908122188;0.21811034295784193
31;1;8369;8593;9638;9879;18752;17707;12789;0.30990884006845726;0.028662333031624566;0.1890555150439111
32;1;8013;8187;8881;8784;17765;14831;10852;0.3382801612113451;0.0900110442999141;0.24156969633434672
33;1;8162;8333;9068;9046;17553;15040;11085;0.3198240535358472;0.07710244531034272;0.22585376073748167
34;1;8225;8411;9045;9177;17344;15206;11351;0.30794464763772106;0.06568356374807988;0.2088517163268862
35;1;8100;8269;9077;9117;17540;15298;11335;0.31597704167760815;0.06827455996102078;0.21489177489177488
36;1;8072;8240;9029;9033;17817;15117;11220;0.3271508379888268;0.08198214611040262;0.22719289182766814
37;1;7871;7909;8370;8172;15776;11846;9309;0.3175212961416402;0.1422778944319745;0.25780346820809247
38;1;7936;7978;8697;8282;17842;13248;9855;0.36594702189557493;0.14776455451913798;0.2883705816514424
39;1;8098;8222;9149;9031;19091;15888;11468;0.35772704644050923;0.0915692272506361;0.2494518799698943
40;1;7965;8109;8742;8697;16880;13902;10410;0.31993587989209055;0.09674485088688195;0.23708318065225356
41;1;8092;8277;9045;9072;17816;15391;11367;0.32520083308539127;0.07302677146384798;0.22098481992941096
42;1;8201;8382;9197;9252;18586;16372;11832;0.3352970759393635;0.06333314262829681;0.22203958182655006
43;1;7983;8146;8959;8974;17629;14798;11025;0.32533924745329473;0.0873037900515003;0.2304739303413136
44;1;8062;8199;9051;9025;18488;15533;11365;0.34394649801911825;0.08685811704535434;0.2386024855123438
45;1;8122;8271;9149;9065;18921;15626;11394;0.352176088044022;0.09537731206761803;0.24829292429490352
46;1;8068;8222;8983;8962;17992;15283;11205;0.3350152111003933;0.08141247182569497;0.23245538925232045
47;1;8082;8204;9027;9001;17804;15501;11328;0.3284088789404962;0.069148776459991;0.22229850336399834
48;1;8189;8352;9121;9199;18077;15870;11613;0.3254876081536882;0.06501310866939641;0.21771640282923543
49;1;8117;8287;9100;9099;17636;15626;11506;0.3193192444361324;0.060429318742108114;0.21034932399972547
50;1;8244;8481;9348;9559;18408;15605;11555;0.3164086244502449;0.08240966689207067;0.22871541567933784
51;1;8418;8674;9699;9935;18581;17821;12929;0.3031982045167625;0.02087797373770672;0.17937162805458584
52;1;8500;8745;9794;10048;18918;18154;13096;0.30622108679141063;0.02060854553301683;0.1818579371524958
53;1;7992;8207;8937;8874;17071;14444;10937;0.3159375602235498;0.0833571315246708;0.21900885461296773
54;1;7926;8055;8806;8688;16306;14232;10702;0.30479315035608545;0.06791538411159867;0.2074940758293839
55;1;8236;8508;9463;9625;18741;16761;12164;0.32137065500951845;0.05577150583065743;0.21281346060508008
56;1;7946;8041;8754;8566;16585;13741;10359;0.31883424118325315;0.09378091406713711;0.23107185273159145
57;1;8089;8342;9199;9311;18090;16123;11754;0.32038976679683223;0.057492765907695906;0.21230398069963813
58;1;8096;8368;9317;9573;18424;16070;11823;0.31614101510876164;0.06824375253667304;0.2182365193242305
59;1;8195;8392;9192;9332;17024;15446;11502;0.29185005311883444;0.04859870649830613;0.19357778868400757
60;1;7960;8106;8887;8789;17615;14474;10777;0.3342675352219361;0.09788401009691795;0.24084249084249085
61;1;8372;8582;9601;9804;18250;17280;12610;0.30106223711413704;0.02730087250211089;0.18276085547634477
62;1;8247;8494;9385;9481;18649;16469;12011;0.3259153928190544;0.06207642804259924;0.21650358773646444
63;1;8177;8428;9251;9355;18672;16224;11795;0.3324294430370714;0.07015130674002751;0.22571963107624643
64;1;8003;8184;8931;8958;16697;14457;10945;0.3016565971545508;0.07190087950182962;0.20808913971492657
65;1;8232;8418;9211;9282;16853;15438;11495;0.2896881576430075;0.04382025951503515;0.18900804289544235
66;1;8262;8358;9292;9152;19621;15733;11489;0.36384805199318804;0.10997341177801663;0.261395049823208
67;1;8325;8411;9188;9080;19378;15551;11283;0.3618666104434605;0.10956511781041542;0.26401617690225365
68;1;8122;8265;9023;8799;18949;15020;11141;0.3657921291624622;0.11566428213959787;0.25948820206048523
69;1;8102;8227;9066;8861;19013;15340;11142;0.36421037526009903;0.10691933746688789;0.26101807328801196
70;1;7836;7889;8483;8207;15966;12409;9630;0.32097795060604806;0.1253568281938326;0.24753867791842477
71;1;8128;8252;9109;8886;19951;15439;11206;0.3837084301418317;0.1274936422718282;0.2806752896620342
72;1;8036;8141;8696;8506;16966;13379;10100;0.3321293969849246;0.11820728291316526;0.25367619892115567
73;1;8231;8362;9247;9163;18438;15978;11693;0.3360385493279229;0.07147838214783822;0.22385582954432312
74;1;7998;8056;8523;8374;15275;13019;9914;0.2918093788320859;0.07973421926910298;0.21283099765770774
75;1;8066;8167;8934;8740;18401;14713;10781;0.3559559338270513;0.11137283324273721;0.26111986841203483
76;1;8130;8190;8778;8384;19219;13827;10299;0.39252979748578054;0.16316649518852508;0.30218849515549834
77;1;8096;8239;8983;8801;18301;14977;11034;0.35052763633680173;0.09988581044533926;0.2477245611044827
78;1;8343;8506;9519;9412;20359;17614;12485;0.36770682879312083;0.07228820477707845;0.23973937401047377
79;1;8128;8286;9026;9001;17889;15127;11215;0.3305317962067683;0.08365640901381148;0.2293155579989005
80;1;8127;8189;8950;8677;18859;14577;10589;0.3697704822777455;0.12806555808111017;0.28083401249660417
81;1;8123;8248;9104;8961;18035;15386;11379;0.33612387020299306;0.07926154214416085;0.22628680220303257
82;1;8555;8738;9734;9878;19817;17404;12658;0.33470281192119883;0.06482899438489025;0.22044649730561972
83;1;8027;7988;8497;7939;18077;12395;9344;0.38968327183271834;0.1864662641113153;0.31847853834652273
84;1;8178;8309;9201;9060;19454;15623;11300;0.3645226906081223;0.10921686575248739;0.26513624244000783
85;1;7843;7915;8502;8209;16250;12322;9549;0.32875424179238727;0.1374772504549909;0.2597387495639366
86;1;7993;8083;8780;8550;17747;13794;10252;0.3497357112978667;0.12532893693922195;0.26768813171899
87;1;8051;8209;8984;8801;17973;14519;10793;0.34257115111675507;0.1063030899913825;0.24960022248487798
88;1;8478;8757;9449;9659;17587;16754;12439;0.29097849225574396;0.024256719373343817;0.17145140877905815
89;1;8161;8299;9098;8826;19518;15719;11310;0.37722269263336156;0.10781281039816103;0.2662514597119502
90;1;8202;8442;9295;9518;17903;16197;11926;0.3057875351008351;0.05002932551319648;0.2003754735324684
91;1;8188;8433;9193;9296;18097;15479;11449;0.3212864600445369;0.07797236121038838;0.22500507682935084
92;1;8184;8406;9264;9368;17651;16355;12015;0.3065620489285318;0.038110921602070226;0.18998179734376053
93;1;8232;8454;9587;9619;19793;17139;12254;0.34591323269413843;0.0718618000649843;0.23524822916341623
94;1;8157;8379;9255;9392;17137;15861;11731;0.2919446643296016;0.03866901024304503;0.18726617708188997
95;1;8282;8533;9542;9698;18863;17605;12634;0.32089212562585345;0.03449599649007349;0.19776486649522176
96;1;8178;8426;9271;9472;17698;15834;11746;0.3027603974972396;0.055588691399260405;0.20214644749354707
97;1;8123;8386;9234;9415;17453;16202;11975;0.2991662944767009;0.0371712969841034;0.18614924561641974
98;1;8234;8479;9387;9680;17781;16608;12239;0.2950001820763993;0.03410974439501003;0.18461025982678214
99;1;8005;8189;8986;9092;15612;14787;11314;0.26392487046632124;0.02713905062666535;0.1596226695387358
100;1;8207;8487;9379;9548;17870;16319;12070;0.30352323291268507;0.04536546842551698;0.19372077488309952
101;1;8176;8390;9212;9263;18136;15969;11714;0.3238439359100697;0.06353907051751942;0.215142378559464
102;1;7883;8052;8607;8626;16001;13419;10316;0.29946806350753236;0.08776342624065261;0.21602006307709845
103;1;8276;8549;9634;10001;18300;17993;12994;0.29324052153634145;0.008458931474389001;0.16955326899725187
104;1;8238;8536;9392;9684;18701;16792;12287;0.3176677822793729;0.05378525343025385;0.2069833483929263
105;1;8017;8207;8901;8897;17896;14524;10871;0.3358713096704363;0.1040098704503393;0.24420342753849897
106;1;8161;8342;8929;9081;16143;14184;10885;0.27997145575642246;0.06459590463943021;0.19453899659612253
107;1;8221;8422;9372;9439;17868;16170;11835;0.30867543120811514;0.04988542217521594;0.2031107968892031
108;1;8240;8327;8882;8896;15571;13576;10453;0.27281644664241633;0.06844615226266854;0.19666461727636028
109;1;8284;8459;9253;9238;17299;15914;11697;0.30376455514941403;0.04170053894559359;0.19319906193957787
110;1;8001;8010;8622;8349;16053;12591;9653;0.3157118268994345;0.12086300795978215;0.24896911226950907
111;1;8389;8559;9399;9468;17603;16428;12055;0.3005060766133501;0.03452734271693456;0.18706588441567198
112;1;8485;8673;9510;9684;17984;16580;12257;0.2999855428654041;0.04062029857655364;0.18937865811315763
113;1;8103;8247;8917;8956;16550;14495;10901;0.297733866541206;0.06619423417619584;0.20578485301081928
114;1;8030;8099;8794;8438;17827;13984;10258;0.35747192080715784;0.12080726792618905;0.2695032935730817
115;1;8115;8246;8940;8896;17101;14604;10930;0.3156133400007693;0.07875729380223939;0.22014912061646036
116;1;8411;8518;9365;9337;19237;15991;11574;0.34646881780639743;0.09214261382990803;0.24870987634286457
117;1;8447;8602;9383;9322;18595;16318;11844;0.33216319805136657;0.06521925930169278;0.22178783797102403
118;1;8097;8151;8494;8415;14516;12233;9649;0.26605904670533337;0.08534898500878538;0.20140699358576453
119;1;8169;8318;9017;9054;17102;14863;11100;0.3076923076923077;0.07004536211481308;0.21282178568895824
120;1;8138;8331;9251;9423;17888;15817;11698;0.3099483724506609;0.06144488948227266;0.20922057730007437
121;1;7900;8053;8597;8560;15719;13371;10247;0.2948638741299065;0.08071502234444826;0.21073711776939075
122;1;8047;8228;8943;8920;18099;14922;10988;0.3397238979977053;0.09621150177159989;0.24447347612335407
123;1;7936;8081;8902;8838;17658;14300;10615;0.3328804347826087;0.1050754114775643;0.249106921798182
124;1;7869;7979;8632;8515;16317;13663;10258;0.31419136597938147;0.08852568378919279;0.22799623706491062
125;1;8151;8409;9214;9468;17778;15921;11735;0.3049988989209425;0.055105492744591825;0.20475722562938367
126;1;7882;8015;8703;8632;16353;13758;10386;0.3090254152491495;0.08618112981966723;0.2231571861326153
127;0;8014;7984;8598;8015;19878;12958;9427;0.42530383967303625;0.21074430503106348;0.3566285616788944
128;0;7991;7972;8595;7985;20448;12579;9195;0.4383287025639222;0.23825960577709146;0.3796174476267584
129;0;8093;8102;8722;8180;20493;13462;9754;0.4294283821016287;0.2070681784715064;0.3550434753859887
130;0;8089;8076;8734;8162;20376;13420;9679;0.42799074917653657;0.2058231743401586;0.3559141573781401
131;0;7997;8002;8617;8093;19640;13354;9753;0.41636317744203655;0.1905194883918288;0.3363726057224509
132;0;8073;8071;8782;8157;21067;13638;9746;0.4417601970982754;0.2140613744417231;0.36740985947489696
133;0;7963;7954;8580;7993;20125;13080;9547;0.4314673874386514;0.21216684234302063;0.35649770827716365
134;0;8062;8074;8686;8075;20513;13168;9519;0.43507765496012313;0.218075472818503;0.36607618540223763
135;0;8045;8016;8643;8087;19530;13287;9611;0.4143462360140493;0.1902367675290246;0.3403795339899111
136;0;8023;8011;8624;8047;20129;12937;9419;0.4288046564452016;0.21750438516905582;0.3624610802761608
137;0;7972;7904;8343;7891;17766;11698;9058;0.3848852165101142;0.20594623947868584;0.3246346555323591
138;0;8052;8035;8843;8197;21729;13913;9849;0.452182049054334;0.21929184669771618;0.37621128633859013
139;0;8068;8046;8696;8153;19978;13339;9674;0.4203547687604422;0.19926764114416065;0.34749763928234184
140;0;8022;8016;8566;8022;19341;12911;9474;0.4136607828089025;0.19936748108644425;0.3424258198854763
141;0;7774;7794;8384;7943;18252;11796;9077;0.3935483870967742;0.21485623003194887;0.3357239562369644
142;0;8050;8036;8594;8091;18603;12228;9223;0.3937963587322994;0.20677240439817068;0.3370948034212607
143;0;8053;8017;8478;8025;18048;12388;9346;0.38442066505580486;0.1859639900118281;0.3176608016353946
144;0;7987;7965;8525;7951;18973;12370;9211;0.40937453573020355;0.21066904891044252;0.3463667328980982
145;0;7908;7869;8386;7834;19097;11694;8925;0.4182169247335784;0.24042739761618656;0.3630004996074513
146;0;7927;7964;8599;8030;20331;13435;9688;0.43372941715736396;0.20422910620150447;0.3545421233218961
147;0;7982;7974;8508;8011;17945;12200;9246;0.3827246108799507;0.19057886880079616;0.3199220330256335
148;0;8020;8008;8588;8053;18880;12617;9377;0.4019975494746222;0.19884433438105217;0.3363060480588881
149;0;7985;7965;8456;7933;18421;12518;9327;0.39796615314563255;0.1907947897475678;0.3277353322762001
150;0;7989;7966;8532;7991;19590;12887;9471;0.4205431275153185;0.2063922160298057;0.34819861670279756
151;0;7969;7954;8528;7934;20889;12718;9288;0.4494674391978628;0.24313387091974886;0.38443185207277064
152;0;8077;8067;8743;8136;20112;13288;9627;0.4239592183517417;0.204311377245509;0.35256733582164834
153;0;8084;8055;8650;8050;19641;12879;9461;0.41858365533927994;0.20793357933579334;0.3498041371727029
154;0;7954;7943;8547;7971;19843;12699;9324;0.4268354066297548;0.2195316821338578;0.3606473068879213
155;0;8039;8006;8712;8102;20153;13404;9671;0.4265085825517608;0.2011204815686742;0.35146190987124465
156;0;8049;8045;8605;8043;19884;13074;9509;0.42399828123321515;0.2066266156926998;0.3529751981764366
157;0;7999;8016;8730;8074;20627;13732;9803;0.4373715201560921;0.20067522337669896;0.35570161025303976
158;0;7931;7900;8545;7943;20208;12193;9006;0.4356861212745551;0.2473689083670257;0.3834462928732799
159;0;7909;7927;8457;7937;18572;12059;9053;0.40118450337621187;0.2126277300773726;0.344579185520362
160;0;7925;7914;8434;7917;18009;12482;9322;0.38926174496644295;0.18126660325997834;0.31784420621272547
161;0;7977;7960;8493;7932;18912;12500;9207;0.40902995082700044;0.20412581179167197;0.3451402965966073
162;0;7985;7955;8580;7980;19887;12467;9193;0.4272795779954785;0.22933794893985288;0.36774415405777167
163;0;7956;7928;8532;7929;20320;12116;8966;0.4386349959290594;0.25292884449377234;0.387693778597282
164;0;8044;8010;8576;8025;19370;12604;9301;0.4141266654498996;0.21160943266403953;0.3511910990199156
165;0;8037;8004;8546;8028;18852;12715;9395;0.40267857142857144;0.19441188583013908;0.334796615569795
166;0;7945;7967;8523;7963;18662;12408;9263;0.4018403755868545;0.20128741551335694;0.3365801253357207
167;0;7852;7857;8199;7819;16019;11293;8866;0.34398858964678247;0.17303749267721147;0.2874422342776773
168;0;7955;7941;8367;7910;17832;12341;9262;0.38544013674151195;0.1819838928843668;0.31630619325311876
169;0;8095;8045;8654;8080;19346;12995;9504;0.41077809377962515;0.1963761170031848;0.3411438474870017
170;0;7863;7866;8411;7896;18784;12396;9271;0.408095952023988;0.20487491982039768;0.3390839422562823
171;0;7993;7975;8562;7957;20503;13034;9461;0.44082923401264934;0.2227092465038614;0.36850887731945
172;0;7985;7999;8642;8015;20897;12792;9355;0.4455589374654123;0.24058297960758704;0.38152849398386884
173;0;7732;7792;8318;7865;17398;10932;8662;0.3773502751058861;0.22823861630780093;0.33522640061396775
174;0;7785;7841;8304;7843;16293;12019;9130;0.35009943652635067;0.15096072336818311;0.28175274357864927
175;0;7969;7975;8472;8011;17653;12221;9289;0.3757013715710723;0.18183035415411394;0.3104446588968896
176;0;7888;7904;8336;7890;17198;11154;8803;0.3710140306122449;0.21317720090293454;0.3228721972231837
177;0;8064;8136;8718;8233;20126;13565;9942;0.4193730385415565;0.1947404351310439;0.3386989490488227
178;0;7943;7958;8541;8028;18067;12364;9314;0.3847097145046944;0.187407577798955;0.31967422665351886
179;0;7943;7957;8547;7999;18326;12432;9283;0.3922886989553656;0.19162494310423306;0.3275381216270057
180;0;7842;7900;8464;7943;17599;11942;9048;0.3780440059509827;0.19149656409735621;0.32089916313281047
181;0;8013;8004;8553;8024;18982;12738;9440;0.40576168258905426;0.19684741488020177;0.33572584617549783
182;0;7805;7882;8561;7990;20178;12830;9387;0.43268957682476566;0.2226126999515269;0.3649923896499239
183;0;8002;8027;8758;8131;19391;12348;9222;0.4091272436596178;0.22190365165884243;0.3553978960612309
184;0;7796;7849;8521;8016;18682;12271;9219;0.3995055809423927;0.20712047297515587;0.3391634708433389
185;0;7870;7890;8578;7995;18953;12196;9101;0.4066350007421701;0.21692510192943593;0.3511798673985884
186;0;7833;7877;8476;7939;18920;12335;9230;0.4088387505119327;0.21068629019356902;0.3442273534635879
187;0;7811;7837;8478;7913;19177;12066;9028;0.41579918789221115;0.22760298306820728;0.3598298174082609
188;0;7872;7889;8251;7835;16917;11591;8947;0.3669198448610213;0.18682475094710257;0.30815032477575005
189;0;8052;8040;8733;8081;20938;12987;9440;0.4430545504669355;0.2343699336772292;0.37849759694515767
190;0;8008;7978;8530;7954;19323;12887;9444;0.41679803497452067;0.1998137224464452;0.3434143289185525
191;0;7967;7941;8448;7913;19041;12228;9196;0.4128515248200638;0.21788352681569606;0.34865601869887025
192;0;8041;8047;8663;8086;20118;13418;9655;0.4266061551552971;0.19978530534351144;0.3514257884660599
193;0;7975;7988;8533;7975;19458;12633;9379;0.4185834578791966;0.21267645134149762;0.3495162464888858
194;0;7937;7922;8418;7939;18175;12093;9093;0.39197365397870876;0.20093828465706357;0.333064397828957
195;0;7840;7873;8425;7914;18205;12261;9183;0.3940043646387687;0.19510273747784415;0.3294143420476121
196;0;7903;7900;8345;7940;17000;11804;9070;0.36327185244587007;0.18039161227607275;0.30418105101649406
197;0;7911;7905;8629;7966;20366;12205;8994;0.43766765494846815;0.2505603143901016;0.38732970027247954
198;0;8065;8038;8619;8075;19885;13136;9623;0.42238912732474965;0.20438508827715696;0.3477700962450861
199;0;7914;7919;8459;7962;18449;12016;9092;0.3970694029003067;0.2111603479402593;0.33974801205475474
200;0;7998;8014;8669;8077;19652;13002;9573;0.41743301236972125;0.20365039505114227;0.3448759623609923
201;0;7897;7906;8466;7925;19426;11943;9008;0.4204965083543563;0.23854761069846026;0.3663923471899838
202;0;8010;7995;8524;7997;19353;12591;9333;0.41521023765996345;0.21168294515401953;0.349299309767831
203;0;7871;7874;8335;7888;17544;11685;8936;0.37967914438502676;0.20045160628143283;0.32507552870090634
204;0;7875;7906;8518;8006;18323;12093;9130;0.3918492916555889;0.2048264071541294;0.33486322077732855
205;0;7998;7985;8466;7972;18737;12366;9306;0.40304766183683405;0.20483554641031412;0.33630496023963197
206;0;7952;7938;8504;7943;18545;11797;8981;0.4002567200241619;0.2223979961769165;0.3474533168640558
207;0;7733;7809;8277;7881;16688;11721;9049;0.35845984777565226;0.17483895948467035;0.2968100400202044
208;0;8018;8015;8603;8047;18480;12513;9329;0.3932973951068722;0.1925273448843287;0.3290661296702506
209;0;7998;8004;8426;8050;16879;12102;9264;0.3541658309599262;0.16483213139643216;0.29128256129747926
210;0;7735;7802;8542;7880;20000;12117;8943;0.4347202295552367;0.2454463368309618;0.3820267422174619
211;0;8010;8022;8643;8038;20229;13496;9741;0.4312802915059964;0.19964418087472202;0.34994994994994993
212;0;7950;7992;8657;8055;20646;12803;9370;0.43869551583568517;0.2344763670064875;0.37566631130063965
213;0;8029;8043;8595;8039;20021;12983;9503;0.4270135424091233;0.21324687916616167;0.3562525403061916
214;0;7892;7908;8596;8080;18130;12226;9203;0.38344143456695917;0.19449202793516931;0.32660154392126733
215;0;8017;8051;8622;8114;18570;13074;9645;0.3918453005546395;0.17368221463784603;0.31632110579479
216;0;8037;8042;8654;8061;20623;13568;9732;0.4379444986752196;0.20634084993126847;0.3587876791302915
217;0;7679;7741;8267;7865;16618;11289;8838;0.3575133766286811;0.19095567420360482;0.30562539283469514
218;0;8036;8047;8711;8076;21937;13586;9660;0.46183320561090196;0.2350871266503392;0.38854954584295975
219;0;7975;7963;8577;8010;20725;12649;9312;0.442491734818166;0.24198477857014442;0.3799647101907647
220;0;8049;8058;8713;8133;20103;13245;9682;0.4239269018274543;0.20564951421374594;0.3498740977001847
221;0;7832;7874;8621;7954;22300;12732;9302;0.4741852317048985;0.2731217172870518;0.41130308208341243
222;0;7828;7830;8319;7846;18293;11567;8933;0.39967098970886417;0.22525117213663765;0.34378902519650334
223;0;8028;8053;8791;8214;21245;13267;9629;0.4423435961845276;0.23116597125637459;0.37623890652328823
224;0;7838;7898;8663;7960;21267;12656;9285;0.45529818318677934;0.25383957786752354;0.39218381775333855
225;0;8032;8008;8599;8028;21439;12901;9397;0.4551192859809278;0.24863133372160745;0.39051757685821764
226;0;7788;7815;8249;7811;16233;11378;8862;0.3502744967559474;0.17583571764876318;0.29372384937238494
227;0;7901;7905;8521;7920;19718;11988;9070;0.4268760402344598;0.24380243487037154;0.3698763373627901
228;0;7871;7913;8372;7952;17002;11590;8981;0.36266730784643747;0.18928371572467823;0.30870184351306623
229;0;7630;7722;8427;7863;19684;11392;8779;0.42912113841797656;0.26682970781310333;0.38312897445806837
230;0;7681;7726;8189;7825;14628;10573;8602;0.3029884647931234;0.16090631324153803;0.2594059405940594
231;0;7964;7975;8569;8024;20895;12659;9306;0.44507071475500537;0.24545508732192883;0.3837290155955101
232;0;7747;7758;8213;7812;16992;11209;8774;0.37010159651669083;0.2050636502251693;0.31894745012807574
233;0;7975;8011;8768;8054;23121;13388;9581;0.4833039294306335;0.26659179928236876;0.4140419546205125
234;0;7803;7832;8427;7929;17800;11564;8952;0.38365268762874577;0.2123688870726059;0.3307416267942584
235;0;8011;8024;8669;8060;22013;13214;9488;0.46397100389053303;0.249779998296761;0.397606425192851
236;0;7807;7833;8398;7900;19303;11888;9028;0.419181707899864;0.23772883203488185;0.36267692633510995
237;0;7896;7903;8312;7891;17037;11483;8947;0.3668966623876765;0.19474053295932678;0.31134544334975367
238;0;7894;7906;8502;7931;20473;12263;9122;0.44155752710885793;0.25079423264907136;0.3835445176550093
239;0;7918;7904;8360;7886;17580;11991;9078;0.38066441529882983;0.1890027391701329;0.3189286518118388
240;0;7893;7895;8542;7926;19719;12113;9100;0.426587086272382;0.23894194521236492;0.3684721884867622
241;0;7953;7971;8594;7981;20154;12738;9338;0.43266394170961436;0.22546515870120393;0.36674352366743523
242;0;7895;7885;8384;7890;18400;12128;9165;0.399771776340814;0.20545073375262055;0.3350263014692545
243;0;8042;8017;8760;8075;21172;13459;9702;0.4478066126440319;0.2227195287459213;0.37151000842132537
244;0;7948;7965;8698;7984;20891;12631;9330;0.446995670995671;0.24640534574309408;0.38254855894907513
245;0;7877;7920;8691;8040;20794;12535;9277;0.4423250329472151;0.24780221428785743;0.38299358185627347
246;0;7769;7838;8419;7837;19520;11917;9025;0.4270570603501846;0.2418487769189172;0.3676650902084428
247;0;7878;7877;8353;7867;17664;11587;8941;0.38372958364341386;0.20775358107415132;0.32787070099605337
248;0;7921;7915;8428;7971;18575;12335;9295;0.3994575453929029;0.20187641539954707;0.3329745245783997
249;0;7918;7935;8453;7934;18342;11979;9116;0.3961029075962856;0.20985455624814486;0.33600407895695245
250;0;7848;7872;8570;7964;20572;12343;9203;0.4418278665545276;0.2500075953212821;0.3818303946263644
251;0;8078;8046;8547;8045;18863;12786;9509;0.4020365690500966;0.19201238585737307;0.3296912448893275
252;0;7913;7904;8436;7876;19099;11725;8989;0.4160518999073216;0.2392291720737088;0.3599401879806323
253;0;7706;7718;8122;7730;15382;10171;8405;0.3310834198684666;0.20392908856103;0.29331147265312985
254;0;7776;7784;8339;7797;18607;11820;8989;0.4094076655052265;0.22305846780819666;0.3485287722858385
255;0;7971;8000;8680;8038;21941;13575;9685;0.463757963908069;0.2355558058339903;0.387529248087017
256;0;8019;8002;8583;8027;19771;12745;9418;0.42247643715375205;0.21607823840570797;0.3546884100174723
257;0;7896;7891;8486;7982;18267;12175;9187;0.39182445045525544;0.2001182576703239;0.3307350477161798
258;0;7907;7907;8544;7927;20474;12321;9214;0.44178021900637304;0.2486049702698582;0.3792778226893021
259;0;7862;7921;8407;7980;17759;11634;9032;0.3799292901822138;0.20838294832102883;0.3257437199059386
260;0;7777;7816;8357;7903;17604;11654;8941;0.38032696906731484;0.20336318271925627;0.3263514786212093
261;0;7987;8017;8722;8084;23091;13698;9727;0.48137931034482756;0.2553208839598793;0.40721555244073376
262;1;8456;8516;9350;9305;17792;16119;12061;0.31320810421817913;0.04933502403349945;0.19197400596254982
263;1;8587;8742;9519;9783;16377;17204;13287;0.25206422018348623;-0.024627021232244424;0.10416666666666667
264;1;8444;8516;9297;9185;18137;15960;11782;0.32764804919112805;0.06384725928967358;0.212406831779137
265;1;8352;8504;9266;9187;18009;16007;11861;0.32438593910869246;0.0588546566321731;0.2058252427184466
266;1;8435;8557;9271;9463;16350;16616;12488;0.26680354859954286;-0.008068919492810774;0.13392052153408696
267;1;8476;8541;9223;9353;16633;16166;12259;0.2801508504579389;0.014238238970700326;0.15139138861968712
268;1;8562;8706;9593;9725;17830;17073;12966;0.29413899473779714;0.02168868005615563;0.15794258994674634
269;1;8281;8348;9172;8822;18691;15937;11743;0.35870315850688766;0.07953101536328983;0.22829729907340474
270;1;8299;8381;9108;9071;16986;15732;11753;0.3037571477913804;0.03832752613240418;0.18208705939663872
271;1;8406;8527;9266;9423;16427;16501;12459;0.2709477756286267;-0.002247327502429543;0.13736758291213735
272;1;8601;8763;9600;9717;17532;17145;13159;0.2867995155785533;0.011160134959771606;0.14248476752142322
273;1;8585;8757;9526;9773;16845;17448;13258;0.26568487489668646;-0.01758376345026682;0.11915755904727103
274;1;8401;8484;9285;9152;18201;16167;12062;0.3308229444667861;0.05918296089385475;0.20285497141724218
275;1;8504;8647;9493;9607;17435;16709;12599;0.28947563050070263;0.021262886597938145;0.16101751348471732
276;1;8490;8596;9437;9309;18458;16429;12258;0.32949184283502;0.05815919970189469;0.20184919911446803
277;1;8436;8546;9457;9162;18656;16127;11959;0.34128981235171474;0.0727079320357646;0.2187489792585334
278;1;8368;8466;9234;9137;17380;15718;11791;0.31085718595617906;0.050214514472173545;0.19159439169037742
279;1;8565;8726;9567;9568;18452;16887;12749;0.3170592433975732;0.044285350462661646;0.1827826031216948
280;1;8621;8809;9681;10018;18040;18237;13636;0.2859077624919809;-0.005430438018579265;0.13903270614976637
281;0;7921;7936;8454;7923;18397;11710;8953;0.3979483282674772;0.2221078154581991;0.3453016453382084
282;0;7925;7925;8572;8008;20410;12534;9305;0.4364135407136322;0.23907236522583777;0.37371697795726067
283;0;7816;7822;8359;7858;17774;11180;8757;0.38686017478152307;0.22774055398217863;0.33986657118088276
284;0;7881;7864;8400;7867;18587;11795;8958;0.40523172299085203;0.2235534197880324;0.34957342530404795
285;0;7940;7963;8603;8094;19737;12701;9415;0.41834644820523875;0.21690609778654665;0.35407519209659716
286;0;7930;7917;8335;7868;17164;10948;8657;0.3713646532438479;0.22111553784860558;0.3294605166337477
287;0;7892;7875;8427;7885;18428;11857;9011;0.40067647170600085;0.21697209839854714;0.3431976383979008
288;0;7897;7947;8371;7998;16870;11561;9009;0.3567637124014798;0.18673279167106327;0.30375980524749796
289;0;7924;7937;8586;7995;20210;12521;9341;0.4330792412692785;0.23491491246830223;0.3678048120198978
290;0;7858;7853;8362;7870;17949;11508;8911;0.3903714318912429;0.21865770445055505;0.3364854802680566
291;0;7950;7998;8528;8010;19311;12009;9151;0.4136378609860547;0.23314176245210727;0.35696718431593
292;0;7814;7867;8577;7929;20481;12325;9205;0.44181626187961986;0.24861305858684388;0.3798423499292596
293;0;7866;7901;8605;7994;21018;12822;9379;0.4489176892320419;0.24219858156028368;0.3828996282527881
294;0;7686;7757;8475;7913;18898;11652;8891;0.4097198910894782;0.2371849427168576;0.3601065169671453
295;0;7957;7959;8611;8006;20178;12663;9354;0.4318762418393415;0.22882981638805153;0.36651767574156846
296;0;7868;7853;8557;7891;21193;12622;9334;0.45736487415761246;0.25346739612597957;0.388475775542962
297;0;7900;7913;8630;8004;20950;12824;9378;0.4471230227257028;0.2405992775507787;0.3815615932471643
298;0;7720;7766;8383;7841;19653;12285;9188;0.4296210082199753;0.23069697538981776;0.36285149613397594
299;0;7987;7997;8697;8195;20492;13027;9589;0.42866106598807824;0.222709508040216;0.36245470562813736
300;0;7844;7851;8422;7915;17697;11700;8983;0.3819303451507106;0.20400040820491888;0.3266116941529235
301;0;7818;7855;8512;7946;19142;11358;8877;0.41331955109273477;0.25521311475409836;0.36635854241764515
302;0;7839;7885;8612;8092;20852;13086;9654;0.4408512990602543;0.22882904119276326;0.36707532944338817
303;0;7898;7993;8726;8183;22303;13384;9711;0.46316341927442106;0.24992294112702104;0.393327919035422
304;0;7905;7907;8574;8024;21404;12954;9471;0.4546690226994699;0.24593981023342454;0.38649392712550606
305;0;7968;7978;8546;8060;19106;12470;9310;0.4066112051829493;0.21015961489739043;0.34473536036036034
306;0;7919;7955;8656;8009;21439;12573;9253;0.4560581363759848;0.26067270375161705;0.3970415743516226
307;0;7794;7813;8371;7860;17841;11601;8930;0.3883506478347146;0.21194212349704503;0.33286018452803406
308;0;7978;7992;8708;8039;22092;13002;9448;0.4663967342603963;0.2590186356642161;0.4008877615726062
309;0;7847;7880;8591;8064;20340;12554;9336;0.43219264892268694;0.23669970207332644;0.3708046906591185
310;0;7982;8008;8746;8105;21348;12944;9478;0.44963161647370387;0.2450717368482445;0.3850645558943749
311;0;7968;7955;8498;7945;18445;11514;8912;0.3978779840848806;0.23134951099836443;0.3484665716270059
312;0;7780;7845;8612;8042;19428;12361;9304;0.41448853294503096;0.22230960395105226;0.35235973827091743
313;0;7832;7855;8502;7898;20231;12199;9154;0.4384443101425575;0.2476719087264878;0.3769610345414327
314;0;7664;7713;8487;7892;19561;12208;9162;0.4250537281899974;0.23145204444584344;0.3620443546983254
315;0;7975;7973;8627;7997;20755;12719;9275;0.443725653867557;0.24006691760769552;0.3822843822843823
316;0;7885;7907;8569;8025;20463;12317;9222;0.4366048862679023;0.2485051860890787;0.37867609903991917
317;0;7887;7913;8632;7973;21326;12980;9504;0.4557493429809891;0.24328105870693173;0.38345767109957835
318;0;7921;7936;8454;7923;18397;11710;8953;0.3979483282674772;0.2221078154581991;0.3453016453382084
319;0;7895;7927;8665;8051;22019;13202;9557;0.4645161290322581;0.2503336077908066;0.39466683557132
320;0;7841;7837;8383;7829;18925;11800;9025;0.4147417208641698;0.23189585028478438;0.3542039355992844
321;0;7853;7872;8706;8076;20018;12437;9297;0.42507296931729194;0.23358496379602525;0.36571720961964865
322;0;7872;7893;8595;7974;20214;12376;9244;0.4342273307790549;0.2405032218471924;0.37239459569556654
323;0;8074;8082;8794;8169;20596;13222;9580;0.4320180775247697;0.21804955940623336;0.36505832449628844
324;0;7744;7878;8883;8333;20760;12805;9558;0.4271474237789159;0.237002830329212;0.36948347516326935
325;0;7903;7902;8583;7973;20393;12356;9175;0.437848128040612;0.24541207365110385;0.379396645021645
326;0;8035;8061;8677;8111;21155;13172;9545;0.44570491355156155;0.23255746205610744;0.37817589576547234
327;0;8098;8113;8761;8233;21033;13608;9771;0.43736759379484724;0.21434138737334374;0.36560186988702764
328;0;8088;8067;8674;8068;22175;13321;9583;0.46645504744899646;0.2494365562316881;0.3964985200579382
329;0;8043;8024;8657;8100;20592;13000;9477;0.4353826850690088;0.2260061919504644;0.36964980544747084
330;0;7974;7971;8460;7979;18086;12021;9112;0.38776136581622866;0.20144816820008635;0.32995073167144645
331;0;8013;8020;8569;8034;18985;12561;9234;0.40530737629075836;0.2036391301591327;0.3455473262695347
332;0;8050;8014;8610;8051;19710;12702;9374;0.4199776665105724;0.21621621621621623;0.3553844037959015
333;0;8074;8061;8555;8096;18479;12569;9407;0.3907055503292568;0.1903504251481577;0.3253245356092663
334;0;8055;8029;8557;8057;18857;12773;9395;0.40127814520323996;0.192349035725577;0.33491434234744444
335;0;8030;7988;8516;7998;18290;12848;9450;0.3915094339622642;0.1747703770312801;0.3186733958183129
336;0;8019;8013;8640;8071;20709;12693;9370;0.43912439193884645;0.23998562960301778;0.37697396854948634
337;0;8047;8046;8604;8072;20738;13016;9460;0.43963901423116974;0.22877288617645317;0.3734684416186502
338;0;7995;7971;8462;7947;18503;12071;9136;0.39909262759924385;0.21037482828547133;0.33890517023047145
339;0;8080;8064;8785;8137;21253;13499;9682;0.4462742429397754;0.22312384898710866;0.3740423468563116
340;0;8073;8030;8831;8103;21296;13057;9477;0.44875676043402835;0.2398334934357989;0.3840704513697072
341;0;8000;7961;8695;8013;21313;12637;9273;0.45352247152697267;0.2555522827687776;0.39364415091872096
342;0;8008;7997;8676;8014;21037;12942;9400;0.4482806099617913;0.23823538067630007;0.3823307159049841
343;0;8116;8101;8661;8131;20445;13179;9626;0.4309210526315789;0.21609564596716632;0.35978184962255993
344;0;8085;8092;8766;8194;20684;13553;9736;0.4325091765357712;0.2082834360487192;0.3598948060486522
345;0;7907;7862;8558;7978;19436;12568;9265;0.41796162544685195;0.2145981752280965;0.3543778962405491
346;0;8094;8090;8788;8213;20800;13541;9784;0.4338400027573846;0.21137998311056755;0.36018833376929116
347;0;7989;7954;8339;7909;16724;11680;8948;0.35785328624203305;0.1775806224475426;0.3028980990962917
348;0;8015;7983;8706;8006;20779;12397;9189;0.44373805801632793;0.2526525198938992;0.38674586225306995
349;0;8029;8021;8608;8032;20173;13053;9499;0.4304555929799681;0.21429001384457955;0.35973308169317875
350;0;8038;7992;8583;7998;20340;12386;9284;0.4355282659326699;0.24304834076880769;0.37321091007291385
351;0;8104;8083;8855;8211;21319;13020;9574;0.44388757196071793;0.24167855790791812;0.3801832130256045
352;0;8036;8030;8545;8041;20408;12805;9419;0.43470772259130375;0.22891638816126217;0.36842458175478593
353;0;8039;8008;8615;8041;20977;13357;9579;0.44579226686884005;0.2219374381079979;0.37302002879958107
354;0;8001;7990;8641;8055;19647;12721;9369;0.4184535412605588;0.21397676717745923;0.3542183622828784
355;0;7942;7935;8469;7906;20305;12410;9206;0.43950941122257275;0.2413266085893321;0.3760970485581647
356;0;7942;7935;8469;7906;20305;12410;9206;0.43950941122257275;0.2413266085893321;0.3760970485581647
357;0;7977;7942;8423;7955;17555;12076;9099;0.3763230105840847;0.18490769801896662;0.31725069407968787
358;0;8018;8033;8646;8053;19724;12855;9445;0.4201677646974115;0.21084133951318335;0.3523946655696116
359;0;8037;8035;8573;8054;19348;12638;9355;0.41215969637252753;0.20977927843431501;0.34815176113995056
360;0;8043;8040;8628;8125;20539;12913;9423;0.4330867987719788;0.22796843238072462;0.37100327080969225
361;0;8005;8044;8574;8053;19816;12490;9251;0.42208188309591305;0.22676902123444562;0.3634706024013486
362;0;8067;8055;8643;8102;20399;12932;9434;0.4314585453141995;0.22402568179772583;0.3675460061006268
363;0;8115;8142;8854;8284;21405;13942;9917;0.44194819630166055;0.2111353155854811;0.36677095970883083
364;0;8006;7993;8551;8036;18882;12255;9252;0.4029274091685861;0.21283360632045475;0.34229046705054383
365;0;8027;7985;8507;8019;18254;12059;9157;0.3895634301374034;0.20436776300597104;0.3318740651563241
366;0;7947;7987;8466;7966;19488;12693;9330;0.4196838347781744;0.21114943600261024;0.3524880283156361
367;0;7946;7951;8463;7934;19308;12212;9121;0.41751706923133397;0.22512690355329948;0.3583312814379683
368;0;7994;7967;8537;7995;18907;12412;9272;0.40562039997026245;0.20738210032248794;0.3419212889030839
369;0;8012;7980;8497;7978;18938;12425;9246;0.40719274780799525;0.20766508305965628;0.3438830542151575
370;0;7972;7931;8439;7913;19356;12438;9208;0.419634016648942;0.217588224193244;0.3552723708164123
371;0;7842;7888;8558;7970;20094;12513;9285;0.4320125427594071;0.23249608979666941;0.36791585826610845
372;0;7808;7813;8235;7831;16288;11241;8808;0.35063642771259174;0.1833339387554942;0.2980554670066943
373;0;7924;7913;8548;7965;20473;12770;9370;0.43983402489626555;0.23171795565983816;0.3720470462084911
374;0;7929;7942;8488;7960;18363;12487;9334;0.39520571363446416;0.19047001620745543;0.32599198469148283
375;0;7833;7872;8481;7972;18498;12354;9260;0.3976577257272384;0.19914430182808246;0.33280495712947616
376;0;7919;7925;8448;7940;17737;12057;9116;0.38154768859290417;0.19064241122373632;0.32104420362715524
377;0;7851;7867;8417;7920;17219;12408;9343;0.36990333744381243;0.16238566172747831;0.29651381673066785
378;0;8023;8060;8642;8142;18948;13128;9619;0.3988925802879291;0.18144407033295923;0.32656561767073894
379;0;7964;7963;8614;7996;21053;12714;9320;0.44948190987641573;0.24695708828145824;0.3862970401343298
380;0;7950;7951;8599;7998;20657;12730;9370;0.4417728145175362;0.2374277413364483;0.37589502780830586
381;0;8065;8057;8420;8026;16291;11510;8980;0.33988567668709135;0.1719722312147045;0.28930394523366704
382;0;7835;7900;8540;8038;18745;12337;9233;0.3997685098756674;0.20616433948909338;0.3399814139681178
383;0;8002;8023;8708;8076;20661;13063;9479;0.4379371541914605;0.22529948997746413;0.3710019907100199
384;0;7736;7807;8631;8005;19768;12219;9115;0.42354084902603245;0.2360021258636321;0.3688328774711768
385;0;7965;7971;8394;7915;18468;12019;9085;0.39999241936095215;0.21153278446550988;0.34054367945414293
386;0;8030;8011;8633;8080;20399;12827;9438;0.4325643456582043;0.22789381809426354;0.36736267050976973
387;0;7889;7902;8419;7901;18318;12440;9223;0.3973072962355544;0.19110475323493076;0.3302349224792128
388;0;7800;7903;8574;8034;20263;12982;9455;0.4321659539880553;0.219010377500376;0.36368530856719833
389;0;7925;7934;8495;7929;18014;12063;9088;0.3887368461627414;0.1978588290055524;0.3293483875728728
390;0;7782;7786;8294;7845;16783;11394;8869;0.36292025337014777;0.1912552791283671;0.3085139560268205
391;0;7968;7933;8376;7894;17752;11613;8900;0.3843874288388053;0.20905840286054828;0.33213267297013355
392;0;8037;8018;8680;8138;20271;13288;9651;0.42708296666549334;0.20808128966894127;0.35492279927812315
393;0;7953;7961;8578;7993;20320;12753;9345;0.43538303959311975;0.22879690381882503;0.369964604753076
394;0;7805;7869;8661;8104;19406;12502;9350;0.4108324245728826;0.2163720697003886;0.349700931979413
395;0;7866;7933;8658;8074;20300;12864;9413;0.43088743215619935;0.22421903268604512;0.3664052771514152
396;0;7728;7767;8308;7795;17809;11908;9007;0.3911107639431339;0.1985732072551065;0.32823687350835323
397;0;7844;7863;8567;8002;19655;12369;9167;0.4213399862602596;0.22751686235323507;0.36388869613489694
398;0;8025;8040;8612;8116;19142;12821;9407;0.4045050994203537;0.19775990989581704;0.34099267925321375
399;0;8004;7975;8598;8008;20543;12801;9338;0.4390389128226682;0.23218570057581575;0.3749874502192028
400;0;7816;7911;8682;8180;18238;12550;9408;0.38072526307820426;0.18474730414447188;0.3193952108804167
401;0;7926;7914;8260;7880;15749;11191;8829;0.3330229802361505;0.1691907943578322;0.28155260802343557
402;0;7816;7856;8549;7961;19646;12598;9305;0.4232622161046111;0.21858330231981143;0.35718973437877793
403;0;8015;8003;8612;8026;20337;12709;9316;0.43405140499947115;0.23082975246625914;0.37166559875897887
404;0;7763;7813;8523;7871;20228;12243;9062;0.43976653973451013;0.2459117366265283;0.3812222601570502
405;0;7944;7899;8423;7931;18957;11910;8978;0.41007140731925024;0.2283020701720284;0.3572221227850367
406;0;7961;7941;8501;7965;19900;12028;9000;0.4283150906154674;0.2465547481834127;0.3771626297577855
407;0;7797;7837;8585;7953;19942;13003;9445;0.42979028499731137;0.21062376688420095;0.35719876135706263
408;0;7989;8007;8631;8020;20901;12819;9344;0.4453857058884548;0.2396797153024911;0.3821127459084146
409;0;7989;7995;8624;8014;20774;13102;9484;0.4432402389884674;0.2264730192466643;0.37312446295194657
410;0;7786;7845;8548;7922;19941;12423;9112;0.43136058572300184;0.23229514275120505;0.3727325921591574
